Scenario,    GB,  All
S1toS2,  2.575522,  0.497213
S2toS3,  4.97471,  0.721454
S3toS4,  5.892086,  -1.083662
S4toS5,  8.089601,  -0.697821
